"","x"
"1","AACS"
"2","AARSD1"
"3","ABCA10"
"4","ABCA6"
"5","ABCA9"
"6","ABCB7"
"7","ABCC10"
"8","ABCC6"
"9","ABCC9"
"10","ABCF3"
"11","ABCG1"
"12","ABCG2"
"13","ABHD12"
"14","ABHD4"
"15","ABHD5"
"16","ABLIM3"
"17","ABO"
"18","ABTB1"
"19","ACAA1"
"20","ACACB"
"21","ACAD10"
"22","ACAD9"
"23","ACADS"
"24","ACAN"
"25","ACAP1"
"26","ACAT1"
"27","ACBD3"
"28","ACBD6"
"29","ACD"
"30","ACOT13"
"31","ACOT9"
"32","ACOX1"
"33","ACOXL"
"34","ACP1"
"35","ACP5"
"36","ACP6"
"37","ACRBP"
"38","ACSF3"
"39","ACSS1"
"40","ACTG1"
"41","ACTL6A"
"42","ACTN1"
"43","ACTR10"
"44","ACTR3"
"45","ACTR5"
"46","ACTR8"
"47","ACVR1"
"48","ACVR2B"
"49","ACYP2"
"50","ADAM10"
"51","ADAM19"
"52","ADAM9"
"53","ADAMTS16"
"54","ADAMTS6"
"55","ADAMTSL1"
"56","ADAMTSL2"
"57","ADAT1"
"58","ADCY3"
"59","ADCY9"
"60","ADHFE1"
"61","ADRA1B"
"62","AFAP1L1"
"63","AGAP3"
"64","AGAP5"
"65","AGPAT4"
"66","AGR3"
"67","AGRP"
"68","AGTPBP1"
"69","AHCTF1"
"70","AHCYL2"
"71","AHCY"
"72","AHI1"
"73","AIM2"
"74","AIMP1"
"75","AK1"
"76","AK3"
"77","AKAP3"
"78","AKAP6"
"79","AKR1B15"
"80","AKR1E2"
"81","AKT1S1"
"82","AKT3"
"83","ALAD"
"84","ALAS1"
"85","ALCAM"
"86","ALDH16A1"
"87","ALDH1A1"
"88","ALDH1A2"
"89","ALDH2"
"90","ALDH7A1"
"91","ALG10"
"92","ALG11"
"93","ALG12"
"94","ALG13"
"95","ALG14"
"96","ALG8"
"97","ALKBH2"
"98","ALKBH4"
"99","ALOX15B"
"100","ALOX15"
"101","ALPL"
"102","ALPP"
"103","ALS2"
"104","AMBRA1"
"105","AMPD2"
"106","AMPD3"
"107","ANAPC16"
"108","ANAPC1"
"109","ANAPC4"
"110","ANAPC5"
"111","ANGPTL2"
"112","ANG"
"113","ANK2"
"114","ANK3"
"115","ANKIB1"
"116","ANKRD26"
"117","ANKRD37"
"118","ANKRD52"
"119","ANKRD54"
"120","ANKRD6"
"121","ANO1"
"122","ANO5"
"123","ANO9"
"124","ANP32B"
"125","ANP32E"
"126","ANTXR2"
"127","ANXA10"
"128","ANXA3"
"129","ANXA4"
"130","AOC3"
"131","AP1G2"
"132","AP1M1"
"133","AP3S1"
"134","AP4M1"
"135","APBA1"
"136","APEX2"
"137","APH1B"
"138","APLF"
"139","APLNR"
"140","APOBEC4"
"141","APOE"
"142","APOH"
"143","APOL2"
"144","APOL3"
"145","APOL6"
"146","APOO"
"147","APRT"
"148","AQP7"
"149","ARAP1"
"150","ARAP3"
"151","ARC"
"152","ARF3"
"153","ARF5"
"154","ARFGEF1"
"155","ARHGAP11A"
"156","ARHGAP22"
"157","ARHGAP26"
"158","ARHGAP29"
"159","ARHGAP42"
"160","ARHGDIB"
"161","ARHGEF11"
"162","ARHGEF2"
"163","ARHGEF38"
"164","ARHGEF3"
"165","ARID4A"
"166","ARID5B"
"167","ARIH1"
"168","ARL13B"
"169","ARL17A"
"170","ARL2BP"
"171","ARL6IP4"
"172","ARMC2"
"173","ARMC5"
"174","ARMCX5"
"175","ARMCX6"
"176","ARPC1A"
"177","ARPC1B"
"178","ARPC4"
"179","ARRDC1"
"180","ARV1"
"181","AR"
"182","ASAP3"
"183","ASB6"
"184","ASCC3"
"185","ASPG"
"186","ASPH"
"187","ASS1"
"188","ATAD2B"
"189","ATAD3A"
"190","ATAD5"
"191","ATG16L2"
"192","ATG4A"
"193","ATG7"
"194","ATL2"
"195","ATMIN"
"196","ATP13A2"
"197","ATP13A4"
"198","ATP1A3"
"199","ATP2C1"
"200","ATP2C2"
"201","ATP6V0A1"
"202","ATP6V0D1"
"203","ATP6V0E1"
"204","ATP6V0E2"
"205","ATP6V1E1"
"206","ATP6V1E2"
"207","ATP6V1F"
"208","ATP8A1"
"209","ATP8A2"
"210","ATP8B4"
"211","ATP9A"
"212","ATRN"
"213","ATXN2"
"214","ATXN7L3"
"215","AURKA"
"216","AURKB"
"217","AVEN"
"218","AVL9"
"219","AVPI1"
"220","AXL"
"221","B3GAT3"
"222","B3GNT7"
"223","B3GNT8"
"224","BACE1"
"225","BACE2"
"226","BAG2"
"227","BAIAP2L2"
"228","BAK1"
"229","BANF1"
"230","BANK1"
"231","BARD1"
"232","BAZ1B"
"233","BBS9"
"234","BBX"
"235","BCAS4"
"236","BCCIP"
"237","BCDIN3D"
"238","BCL11B"
"239","BCL2L12"
"240","BCL2L13"
"241","BCL2L2"
"242","BCL3"
"243","BCL6B"
"244","BCL6"
"245","BCL7A"
"246","BCLAF1"
"247","BCO2"
"248","BDKRB1"
"249","BDKRB2"
"250","BECN1"
"251","BEND6"
"252","BEST1"
"253","BEX1"
"254","BEX4"
"255","BHLHE41"
"256","BICC1"
"257","BIRC5"
"258","BLK"
"259","BLM"
"260","BMF"
"261","BMP1"
"262","BMP2"
"263","BMP3"
"264","BMP8A"
"265","BMP8B"
"266","BMPR2"
"267","BNC2"
"268","BNIPL"
"269","BOD1"
"270","BOK"
"271","BOLA1"
"272","BOP1"
"273","BPNT1"
"274","BRAP"
"275","BRCA1"
"276","BRCA2"
"277","BRD9"
"278","BRIP1"
"279","BRSK1"
"280","BSDC1"
"281","BST2"
"282","BTBD11"
"283","BTD"
"284","BTF3L4"
"285","BTF3"
"286","BTLA"
"287","BTN3A1"
"288","BTNL9"
"289","BUB1B"
"290","BUB3"
"291","BZW1"
"292","C10orf95"
"293","C11orf16"
"294","C11orf21"
"295","C11orf24"
"296","C11orf45"
"297","C11orf54"
"298","C11orf58"
"299","C11orf80"
"300","C12orf29"
"301","C12orf73"
"302","C14orf119"
"303","C15orf62"
"304","C16orf70"
"305","C16orf74"
"306","C16orf86"
"307","C16orf87"
"308","C16orf89"
"309","C17orf107"
"310","C17orf80"
"311","C18orf54"
"312","C19orf53"
"313","C19orf54"
"314","C1GALT1C1"
"315","C1QA"
"316","C1S"
"317","C1orf112"
"318","C1orf115"
"319","C1orf21"
"320","C1orf52"
"321","C1orf56"
"322","C1orf87"
"323","C20orf194"
"324","C22orf23"
"325","C2CD2"
"326","C2orf15"
"327","C2"
"328","C3orf62"
"329","C3orf70"
"330","C4A"
"331","C4BPA"
"332","C4orf48"
"333","C5orf34"
"334","C5orf38"
"335","C5orf51"
"336","C5"
"337","C6orf132"
"338","C6orf136"
"339","C6"
"340","C7orf50"
"341","C8B"
"342","C8orf33"
"343","C9orf135"
"344","C9orf152"
"345","C9orf16"
"346","C9orf24"
"347","C9orf40"
"348","C9orf72"
"349","CA2"
"350","CA5B"
"351","CA9"
"352","CABLES1"
"353","CABLES2"
"354","CACHD1"
"355","CACNA1E"
"356","CACNB3"
"357","CACNG4"
"358","CACNG6"
"359","CACYBP"
"360","CADM1"
"361","CADM4"
"362","CAD"
"363","CALCOCO1"
"364","CALML4"
"365","CALR"
"366","CAMKK2"
"367","CAMTA1"
"368","CAND1"
"369","CAPG"
"370","CAPN12"
"371","CAPN3"
"372","CAPN5"
"373","CAPN9"
"374","CAPNS1"
"375","CARD11"
"376","CARD16"
"377","CARM1"
"378","CARS2"
"379","CASC2"
"380","CASP8AP2"
"381","CBFB"
"382","CBLC"
"383","CBR3"
"384","CBR4"
"385","CBWD3"
"386","CBX1"
"387","CBX3"
"388","CBY1"
"389","CC2D1B"
"390","CCAR1"
"391","CCDC115"
"392","CCDC117"
"393","CCDC138"
"394","CCDC141"
"395","CCDC146"
"396","CCDC14"
"397","CCDC15"
"398","CCDC28A"
"399","CCDC28B"
"400","CCDC33"
"401","CCDC34"
"402","CCDC39"
"403","CCDC43"
"404","CCDC47"
"405","CCDC57"
"406","CCDC69"
"407","CCDC73"
"408","CCDC81"
"409","CCDC85B"
"410","CCDC88C"
"411","CCDC89"
"412","CCDC92"
"413","CCDC96"
"414","CCL19"
"415","CCL22"
"416","CCL23"
"417","CCL28"
"418","CCL2"
"419","CCL4"
"420","CCND3"
"421","CCNDBP1"
"422","CCNE1"
"423","CCNF"
"424","CCNG2"
"425","CCNJL"
"426","CCNT1"
"427","CCNT2"
"428","CCR5"
"429","CCR7"
"430","CCRL2"
"431","CCT2"
"432","CCT4"
"433","CCT7"
"434","CD14"
"435","CD163L1"
"436","CD207"
"437","CD226"
"438","CD22"
"439","CD28"
"440","CD2"
"441","CD34"
"442","CD36"
"443","CD3D"
"444","CD47"
"445","CD52"
"446","CD55"
"447","CD5L"
"448","CD63"
"449","CD74"
"450","CD79A"
"451","CD81"
"452","CD83"
"453","CD9"
"454","CDADC1"
"455","CDAN1"
"456","CDC123"
"457","CDC14A"
"458","CDC25A"
"459","CDC25B"
"460","CDC27"
"461","CDC34"
"462","CDC42BPA"
"463","CDC42EP2"
"464","CDC42SE1"
"465","CDC5L"
"466","CDC73"
"467","CDCA2"
"468","CDCA5"
"469","CDCA8"
"470","CDH15"
"471","CDH1"
"472","CDH24"
"473","CDH3"
"474","CDK11B"
"475","CDK12"
"476","CDK16"
"477","CDK1"
"478","CDK2AP1"
"479","CDK2AP2"
"480","CDK2"
"481","CDK5R1"
"482","CDK5R2"
"483","CDK5RAP2"
"484","CDK6"
"485","CDK7"
"486","CDKAL1"
"487","CDKL1"
"488","CDKL2"
"489","CDKL5"
"490","CDKN1A"
"491","CDKN2A"
"492","CDKN2B"
"493","CDKN3"
"494","CDO1"
"495","CDS2"
"496","CDT1"
"497","CDV3"
"498","CDX2"
"499","CEACAM1"
"500","CEACAM5"
"501","CEACAM8"
"502","CEBPA"
"503","CEBPD"
"504","CEBPG"
"505","CELF2"
"506","CELSR3"
"507","CENPA"
"508","CENPE"
"509","CENPF"
"510","CENPH"
"511","CENPI"
"512","CENPJ"
"513","CENPO"
"514","CENPT"
"515","CENPW"
"516","CEP250"
"517","CEP55"
"518","CEP76"
"519","CEP78"
"520","CEP97"
"521","CEPT1"
"522","CERCAM"
"523","CETN2"
"524","CFB"
"525","CFD"
"526","CFL2"
"527","CGA"
"528","CGNL1"
"529","CHAC1"
"530","CHADL"
"531","CHAF1A"
"532","CHCHD3"
"533","CHCHD6"
"534","CHGA"
"535","CHMP1A"
"536","CHMP2B"
"537","CHODL"
"538","CHRDL2"
"539","CHRD"
"540","CHRM1"
"541","CHRM3"
"542","CHRNB1"
"543","CHST6"
"544","CHTF18"
"545","CHUK"
"546","CHURC1"
"547","CIDEB"
"548","CIITA"
"549","CINP"
"550","CIRBP"
"551","CISD1"
"552","CITED2"
"553","CKAP2"
"554","CKAP4"
"555","CKAP5"
"556","CKMT1B"
"557","CKS1B"
"558","CLCC1"
"559","CLCN2"
"560","CLCN3"
"561","CLCN4"
"562","CLCN7"
"563","CLDN18"
"564","CLDN4"
"565","CLDN7"
"566","CLDN8"
"567","CLDN9"
"568","CLEC11A"
"569","CLEC12A"
"570","CLEC4A"
"571","CLEC7A"
"572","CLIC3"
"573","CLIC4"
"574","CLIP3"
"575","CLK2"
"576","CLN8"
"577","CLPTM1L"
"578","CLSTN1"
"579","CLUL1"
"580","CMAS"
"581","CMBL"
"582","CMKLR1"
"583","CMTM1"
"584","CMTM3"
"585","CMTM7"
"586","CNDP2"
"587","CNN1"
"588","CNN2"
"589","CNN3"
"590","CNOT7"
"591","CNP"
"592","CNR1"
"593","CNTLN"
"594","CNTN1"
"595","CNTNAP2"
"596","COASY"
"597","COBL"
"598","COCH"
"599","COG7"
"600","COIL"
"601","COL12A1"
"602","COL14A1"
"603","COL16A1"
"604","COL1A2"
"605","COL22A1"
"606","COL24A1"
"607","COL3A1"
"608","COL4A2"
"609","COL5A1"
"610","COL5A2"
"611","COL6A3"
"612","COL7A1"
"613","COL9A2"
"614","COMMD1"
"615","COMMD2"
"616","COMMD7"
"617","COMTD1"
"618","COMT"
"619","COPB1"
"620","COPS6"
"621","COPS8"
"622","COQ5"
"623","COQ6"
"624","CORO1A"
"625","CORO6"
"626","COX10"
"627","COX15"
"628","COX19"
"629","COX4I1"
"630","COX6A1"
"631","COX8A"
"632","CPA3"
"633","CPB2"
"634","CPEB2"
"635","CPEB3"
"636","CPEB4"
"637","CPM"
"638","CPNE5"
"639","CPSF1"
"640","CPSF6"
"641","CPT1C"
"642","CPXM1"
"643","CRADD"
"644","CRAT"
"645","CRCP"
"646","CREBL2"
"647","CREBZF"
"648","CRIP1"
"649","CRLS1"
"650","CRP"
"651","CRTC3"
"652","CRY1"
"653","CRYL1"
"654","CSAD"
"655","CSE1L"
"656","CSF2"
"657","CSF3R"
"658","CSGALNACT2"
"659","CSK"
"660","CSMD1"
"661","CSNK1G3"
"662","CSNK2A1"
"663","CSNK2B"
"664","CSRNP1"
"665","CST3"
"666","CSTA"
"667","CSTF1"
"668","CSTF2"
"669","CTBP2"
"670","CTCF"
"671","CTDSP1"
"672","CTDSPL2"
"673","CTF1"
"674","CTHRC1"
"675","CTNNAL1"
"676","CTNNBIP1"
"677","CTNS"
"678","CTSE"
"679","CTSH"
"680","CTTN"
"681","CTU2"
"682","CUL2"
"683","CUL4A"
"684","CUL4B"
"685","CUL7"
"686","CUL9"
"687","CUTA"
"688","CWC22"
"689","CXCL13"
"690","CXCL17"
"691","CXCL6"
"692","CXXC1"
"693","CXXC5"
"694","CYB561D1"
"695","CYB5D2"
"696","CYBA"
"697","CYC1"
"698","CYP20A1"
"699","CYP27A1"
"700","CYP2F1"
"701","CYP39A1"
"702","CYP3A5"
"703","CYP4V2"
"704","CYP51A1"
"705","CYSLTR2"
"706","CYTH1"
"707","CYTH4"
"708","CYTIP"
"709","DAD1"
"710","DALRD3"
"711","DAPK1"
"712","DAPK3"
"713","DAZAP2"
"714","DBF4B"
"715","DBI"
"716","DBN1"
"717","DBNDD1"
"718","DBNDD2"
"719","DCAKD"
"720","DCC"
"721","DCDC2B"
"722","DCN"
"723","DCP1A"
"724","DCTN3"
"725","DCTPP1"
"726","DCUN1D3"
"727","DCUN1D5"
"728","DDAH2"
"729","DDC"
"730","DDR2"
"731","DDX10"
"732","DDX11"
"733","DDX18"
"734","DDX20"
"735","DDX24"
"736","DDX41"
"737","DDX42"
"738","DDX46"
"739","DDX47"
"740","DDX49"
"741","DDX52"
"742","DDX54"
"743","DDX58"
"744","DDX5"
"745","DDX60L"
"746","DDX6"
"747","DEK"
"748","DENR"
"749","DEPDC1B"
"750","DEPDC1"
"751","DEPDC5"
"752","DERL2"
"753","DERL3"
"754","DGAT1"
"755","DGCR5"
"756","DGKH"
"757","DGKZ"
"758","DHRS11"
"759","DHRS12"
"760","DHRS4"
"761","DHRSX"
"762","DHTKD1"
"763","DHX15"
"764","DHX36"
"765","DHX37"
"766","DHX57"
"767","DHX8"
"768","DIAPH2"
"769","DIDO1"
"770","DIO2"
"771","DIRAS3"
"772","DISP2"
"773","DLEC1"
"774","DLEU1"
"775","DLG3"
"776","DLG4"
"777","DLG5"
"778","DLGAP5"
"779","DLL3"
"780","DLX4"
"781","DMRTA2"
"782","DMXL1"
"783","DNA2"
"784","DNAH1"
"785","DNAH7"
"786","DNAH9"
"787","DNAI2"
"788","DNAJB4"
"789","DNAJC12"
"790","DNAJC14"
"791","DNAJC17"
"792","DNAJC24"
"793","DNAJC2"
"794","DNAJC4"
"795","DNAJC9"
"796","DNALI1"
"797","DNASE2B"
"798","DNM1"
"799","DNM3"
"800","DNMT1"
"801","DNMT3A"
"802","DOCK1"
"803","DOCK6"
"804","DOK3"
"805","DOK4"
"806","DOK7"
"807","DOLPP1"
"808","DPEP2"
"809","DPF1"
"810","DPH2"
"811","DPH3"
"812","DPM2"
"813","DPM3"
"814","DPY19L1"
"815","DRG2"
"816","DSCAML1"
"817","DSCC1"
"818","DSN1"
"819","DSTN"
"820","DTL"
"821","DTNBP1"
"822","DTNB"
"823","DUSP12"
"824","DUSP13"
"825","DUSP14"
"826","DUSP16"
"827","DUSP22"
"828","DUSP2"
"829","DUSP4"
"830","DVL1"
"831","DYNC1I2"
"832","DYNC2H1"
"833","DYNLL1"
"834","DYRK2"
"835","DZIP1L"
"836","E2F4"
"837","E2F8"
"838","E4F1"
"839","EARS2"
"840","ECD"
"841","ECHDC1"
"842","ECHDC3"
"843","ECT2L"
"844","EDA2R"
"845","EDARADD"
"846","EDAR"
"847","EDA"
"848","EDEM3"
"849","EDIL3"
"850","EDN2"
"851","EDNRB"
"852","EEA1"
"853","EEF1A1"
"854","EEF1A2"
"855","EEF1G"
"856","EFCAB1"
"857","EFCAB6"
"858","EFCAB7"
"859","EFNB2"
"860","EGR2"
"861","EGR3"
"862","EHBP1L1"
"863","EHD1"
"864","EHD2"
"865","EHD3"
"866","EI24"
"867","EIF2AK2"
"868","EIF2AK4"
"869","EIF2B1"
"870","EIF3C"
"871","EIF4A3"
"872","EIF4B"
"873","EIF4E3"
"874","EIF4EBP2"
"875","EIF4EBP3"
"876","EIF4G1"
"877","EIF4G3"
"878","EIF6"
"879","ELAVL1"
"880","ELF2"
"881","ELK1"
"882","ELMOD3"
"883","ELOVL4"
"884","ELOVL6"
"885","ELP4"
"886","EMG1"
"887","EML4"
"888","EML5"
"889","ENKUR"
"890","ENO1"
"891","ENOPH1"
"892","ENOX1"
"893","ENPP2"
"894","ENPP4"
"895","ENSA"
"896","ENTPD4"
"897","ENTPD6"
"898","EOMES"
"899","EP400"
"900","EPAS1"
"901","EPB41L3"
"902","EPHB1"
"903","EPHB3"
"904","EPHB6"
"905","EPHX2"
"906","EPHX3"
"907","EPHX4"
"908","EPS15"
"909","EPS8L3"
"910","EPSTI1"
"911","ERAL1"
"912","ERAP2"
"913","ERCC3"
"914","ERCC4"
"915","EREG"
"916","ERI1"
"917","ERLEC1"
"918","ERMAP"
"919","ESCO2"
"920","ESD"
"921","ESPL1"
"922","ESPN"
"923","ESYT2"
"924","ESYT3"
"925","ETF1"
"926","ETHE1"
"927","ETNK1"
"928","ETNK2"
"929","ETS1"
"930","ETS2"
"931","ETV3"
"932","ETV7"
"933","EVI2A"
"934","EVI2B"
"935","EVI5"
"936","EVL"
"937","EXO1"
"938","EXOC3"
"939","EXOC4"
"940","EXOC6"
"941","EXOC8"
"942","EXOG"
"943","EXOSC1"
"944","EXOSC2"
"945","EXOSC8"
"946","EYA2"
"947","EYA4"
"948","EZH1"
"949","F12"
"950","FADD"
"951","FAF2"
"952","FAIM"
"953","FAM107A"
"954","FAM110B"
"955","FAM118A"
"956","FAM120C"
"957","FAM133A"
"958","FAM162A"
"959","FAM162B"
"960","FAM166B"
"961","FAM168A"
"962","FAM184A"
"963","FAM189B"
"964","FAM193B"
"965","FAM199X"
"966","FAM20A"
"967","FAM24B"
"968","FAM3D"
"969","FAM43A"
"970","FAM47E"
"971","FAM50A"
"972","FAM53A"
"973","FAM53B"
"974","FAM71E1"
"975","FAM72A"
"976","FAM72B"
"977","FAM72D"
"978","FAM76A"
"979","FAM78A"
"980","FAM81B"
"981","FAM83B"
"982","FAM83D"
"983","FAM83F"
"984","FAM83G"
"985","FAM89A"
"986","FAM98A"
"987","FAM98C"
"988","FANCA"
"989","FANCG"
"990","FAP"
"991","FAR1"
"992","FAR2"
"993","FARP2"
"994","FARSA"
"995","FARSB"
"996","FASTKD1"
"997","FAS"
"998","FAT1"
"999","FBLN2"
"1000","FBLN5"
"1001","FBRSL1"
"1002","FBXL13"
"1003","FBXL16"
"1004","FBXL17"
"1005","FBXL19"
"1006","FBXL3"
"1007","FBXL5"
"1008","FBXL7"
"1009","FBXO15"
"1010","FBXO2"
"1011","FBXO41"
"1012","FBXO45"
"1013","FBXO46"
"1014","FBXO48"
"1015","FBXO5"
"1016","FCER1A"
"1017","FCER1G"
"1018","FCGBP"
"1019","FCGR1B"
"1020","FCGR2A"
"1021","FCGR3A"
"1022","FCGRT"
"1023","FCHO2"
"1024","FCRL2"
"1025","FCRL5"
"1026","FCRLA"
"1027","FCRLB"
"1028","FDXR"
"1029","FEM1A"
"1030","FEM1B"
"1031","FEN1"
"1032","FERMT1"
"1033","FER"
"1034","FGD1"
"1035","FGD2"
"1036","FGD4"
"1037","FGF11"
"1038","FGF14"
"1039","FGF1"
"1040","FGF9"
"1041","FGFBP2"
"1042","FGFR3"
"1043","FGR"
"1044","FHDC1"
"1045","FHIT"
"1046","FHOD3"
"1047","FIBP"
"1048","FIG4"
"1049","FIGNL1"
"1050","FILIP1L"
"1051","FKBP10"
"1052","FKBP14"
"1053","FKBP3"
"1054","FKBPL"
"1055","FLCN"
"1056","FLNA"
"1057","FLRT3"
"1058","FLVCR2"
"1059","FLYWCH2"
"1060","FMNL1"
"1061","FMO2"
"1062","FMO3"
"1063","FMO4"
"1064","FMO5"
"1065","FMOD"
"1066","FN3KRP"
"1067","FNBP1L"
"1068","FOLR1"
"1069","FOSL1"
"1070","FOXA2"
"1071","FOXA3"
"1072","FOXE1"
"1073","FOXJ2"
"1074","FOXJ3"
"1075","FOXK1"
"1076","FOXN2"
"1077","FOXO1"
"1078","FOXP3"
"1079","FOXRED2"
"1080","FPGT"
"1081","FPR3"
"1082","FRAT1"
"1083","FRAT2"
"1084","FREM1"
"1085","FRMD4B"
"1086","FRMD6"
"1087","FRMD8"
"1088","FRZB"
"1089","FSCN1"
"1090","FSCN2"
"1091","FTSJ1"
"1092","FUCA1"
"1093","FUT11"
"1094","FUT1"
"1095","FUT7"
"1096","FUZ"
"1097","FXN"
"1098","FXR1"
"1099","FXYD3"
"1100","FXYD4"
"1101","FXYD5"
"1102","FYCO1"
"1103","FZD3"
"1104","FZD5"
"1105","FZD8"
"1106","FZR1"
"1107","G0S2"
"1108","G3BP1"
"1109","G6PD"
"1110","GAB3"
"1111","GABARAPL1"
"1112","GABARAPL2"
"1113","GABPB1"
"1114","GADD45A"
"1115","GADD45GIP1"
"1116","GALK1"
"1117","GALK2"
"1118","GALNT1"
"1119","GALNT7"
"1120","GANAB"
"1121","GAN"
"1122","GAPT"
"1123","GAS7"
"1124","GATAD2A"
"1125","GATC"
"1126","GBA"
"1127","GBP1"
"1128","GBP4"
"1129","GCH1"
"1130","GCHFR"
"1131","GCNT3"
"1132","GCNT4"
"1133","GCOM1"
"1134","GDI1"
"1135","GEMIN4"
"1136","GEMIN5"
"1137","GEN1"
"1138","GFI1"
"1139","GFOD1"
"1140","GFPT1"
"1141","GGA2"
"1142","GGA3"
"1143","GGCX"
"1144","GGH"
"1145","GGT3P"
"1146","GGT6"
"1147","GGTLC2"
"1148","GIGYF1"
"1149","GINS3"
"1150","GINS4"
"1151","GIPR"
"1152","GLCCI1"
"1153","GLCE"
"1154","GLG1"
"1155","GLI1"
"1156","GLIPR1"
"1157","GLUL"
"1158","GLYR1"
"1159","GMFB"
"1160","GMFG"
"1161","GMPR"
"1162","GMPS"
"1163","GNA12"
"1164","GNA13"
"1165","GNAI1"
"1166","GNAS"
"1167","GNB1L"
"1168","GNG7"
"1169","GNL3L"
"1170","GNPDA1"
"1171","GNPNAT1"
"1172","GOLGA2"
"1173","GOLGA3"
"1174","GOLGA7B"
"1175","GOLGB1"
"1176","GOLPH3"
"1177","GON4L"
"1178","GORASP1"
"1179","GORASP2"
"1180","GOSR2"
"1181","GOT2"
"1182","GPA33"
"1183","GPC5"
"1184","GPC6"
"1185","GPD1L"
"1186","GPM6A"
"1187","GPM6B"
"1188","GPR132"
"1189","GPR137B"
"1190","GPR137C"
"1191","GPR137"
"1192","GPR146"
"1193","GPR160"
"1194","GPR161"
"1195","GPR176"
"1196","GPR37"
"1197","GPRC5A"
"1198","GPRIN3"
"1199","GPS1"
"1200","GPS2"
"1201","GPT2"
"1202","GRAMD1C"
"1203","GRB10"
"1204","GRB7"
"1205","GREB1L"
"1206","GREB1"
"1207","GREM1"
"1208","GRIK2"
"1209","GRIN3A"
"1210","GRIPAP1"
"1211","GRP"
"1212","GRWD1"
"1213","GSN"
"1214","GSTCD"
"1215","GSTK1"
"1216","GSTM3"
"1217","GSTP1"
"1218","GTF2A1"
"1219","GTF2H1"
"1220","GTF2H3"
"1221","GTF2H4"
"1222","GTF2H5"
"1223","GTF2IP1"
"1224","GTF2IRD2"
"1225","GTF2I"
"1226","GTF3A"
"1227","GTF3C1"
"1228","GTPBP8"
"1229","GTSE1"
"1230","GZF1"
"1231","GZMB"
"1232","GZMK"
"1233","H6PD"
"1234","HAAO"
"1235","HABP2"
"1236","HACL1"
"1237","HAPLN3"
"1238","HAUS4"
"1239","HAVCR1"
"1240","HBB"
"1241","HCFC1"
"1242","HCK"
"1243","HDAC11"
"1244","HDAC2"
"1245","HDAC3"
"1246","HDAC4"
"1247","HDAC6"
"1248","HDGF"
"1249","HDHD2"
"1250","HDLBP"
"1251","HEATR1"
"1252","HEATR5A"
"1253","HEATR5B"
"1254","HEATR6"
"1255","HEBP1"
"1256","HECTD3"
"1257","HECW2"
"1258","HELLS"
"1259","HERC3"
"1260","HES1"
"1261","HES4"
"1262","HEY2"
"1263","HFE"
"1264","HGD"
"1265","HHLA2"
"1266","HIC1"
"1267","HIF3A"
"1268","HINT3"
"1269","HIP1R"
"1270","HIPK1"
"1271","HIRA"
"1272","HIVEP3"
"1273","HKDC1"
"1274","HLA-A"
"1275","HLA-DOA"
"1276","HLA-DQB2"
"1277","HLA-DRB5"
"1278","HLA-F"
"1279","HLF"
"1280","HMBOX1"
"1281","HMBS"
"1282","HMGCS1"
"1283","HMGXB3"
"1284","HMGXB4"
"1285","HMMR"
"1286","HMOX2"
"1287","HNRNPC"
"1288","HNRNPD"
"1289","HNRNPL"
"1290","HNRNPR"
"1291","HNRNPU"
"1292","HOMER3"
"1293","HOMEZ"
"1294","HOOK3"
"1295","HOPX"
"1296","HOXA1"
"1297","HOXA4"
"1298","HOXB13"
"1299","HOXB3"
"1300","HOXB7"
"1301","HOXB9"
"1302","HP1BP3"
"1303","HPDL"
"1304","HPGDS"
"1305","HPS1"
"1306","HPS4"
"1307","HPSE"
"1308","HRAS"
"1309","HRH2"
"1310","HR"
"1311","HS3ST3A1"
"1312","HSD11B1"
"1313","HSD17B11"
"1314","HSD17B13"
"1315","HSD17B4"
"1316","HSDL2"
"1317","HSF2BP"
"1318","HSP90AB1"
"1319","HSP90B1"
"1320","HSPA1A"
"1321","HSPA1B"
"1322","HSPA2"
"1323","HSPB11"
"1324","HSPB1"
"1325","HTR1D"
"1326","HTR7P1"
"1327","HTRA2"
"1328","HUS1"
"1329","HUWE1"
"1330","HYAL1"
"1331","HYOU1"
"1332","IAH1"
"1333","IBTK"
"1334","ICA1L"
"1335","ICAM1"
"1336","ICAM5"
"1337","ICMT"
"1338","IDE"
"1339","IDH3B"
"1340","IDH3G"
"1341","IDI1"
"1342","IDO1"
"1343","IDS"
"1344","IFI16"
"1345","IFI27L2"
"1346","IFIT1"
"1347","IFRD2"
"1348","IFT140"
"1349","IFT52"
"1350","IFT57"
"1351","IFT81"
"1352","IGDCC4"
"1353","IGF2R"
"1354","IGFALS"
"1355","IGFBP5"
"1356","IGSF21"
"1357","IKZF1"
"1358","IKZF5"
"1359","IL12RB2"
"1360","IL15"
"1361","IL18BP"
"1362","IL18RAP"
"1363","IL1R2"
"1364","IL20RA"
"1365","IL21R"
"1366","IL22RA1"
"1367","IL31RA"
"1368","IL34"
"1369","IL4R"
"1370","IL5RA"
"1371","IL6R"
"1372","IL6ST"
"1373","IL7R"
"1374","ILF3"
"1375","ILK"
"1376","IMMP2L"
"1377","INCENP"
"1378","INF2"
"1379","ING1"
"1380","ING3"
"1381","INHBB"
"1382","INPP1"
"1383","INPP5K"
"1384","INPPL1"
"1385","INSIG1"
"1386","INSL4"
"1387","INTS1"
"1388","INTS4"
"1389","IP6K2"
"1390","IPO13"
"1391","IPO4"
"1392","IPO5"
"1393","IPO7"
"1394","IQCA1"
"1395","IQCB1"
"1396","IQCE"
"1397","IQGAP2"
"1398","IQSEC3"
"1399","IRAK1BP1"
"1400","IRF3"
"1401","IRX1"
"1402","IRX2"
"1403","ISCU"
"1404","ISG20L2"
"1405","ITCH"
"1406","ITFG2"
"1407","ITGA11"
"1408","ITGA3"
"1409","ITGA5"
"1410","ITGAE"
"1411","ITGAL"
"1412","ITGAV"
"1413","ITGB1"
"1414","ITGB3"
"1415","ITGB4"
"1416","ITGB6"
"1417","ITGBL1"
"1418","ITK"
"1419","ITM2A"
"1420","ITM2B"
"1421","ITPK1"
"1422","ITPKC"
"1423","ITSN2"
"1424","IVNS1ABP"
"1425","JAK1"
"1426","JAKMIP1"
"1427","JOSD2"
"1428","JPH1"
"1429","JPH2"
"1430","JPH4"
"1431","JSRP1"
"1432","JUND"
"1433","JUP"
"1434","KATNAL1"
"1435","KBTBD12"
"1436","KBTBD4"
"1437","KBTBD6"
"1438","KBTBD8"
"1439","KCNAB1"
"1440","KCNAB2"
"1441","KCND1"
"1442","KCNE1"
"1443","KCNH3"
"1444","KCNIP3"
"1445","KCNJ10"
"1446","KCNJ16"
"1447","KCNJ5"
"1448","KCNK3"
"1449","KCNK5"
"1450","KCNMB1"
"1451","KCNMB3"
"1452","KCNQ1OT1"
"1453","KCNQ3"
"1454","KCNRG"
"1455","KCNS1"
"1456","KCTD11"
"1457","KCTD21"
"1458","KDELR1"
"1459","KDELR2"
"1460","KDM1B"
"1461","KDM2A"
"1462","KDM5A"
"1463","KDM5C"
"1464","KDM6A"
"1465","KHK"
"1466","KHSRP"
"1467","KIAA0232"
"1468","KIAA1109"
"1469","KIAA1549"
"1470","KIAA1586"
"1471","KIAA1671"
"1472","KIAA1755"
"1473","KIF11"
"1474","KIF13A"
"1475","KIF14"
"1476","KIF18B"
"1477","KIF20B"
"1478","KIF21A"
"1479","KIF21B"
"1480","KIF22"
"1481","KIF23"
"1482","KIF2A"
"1483","KIF3C"
"1484","KIF4A"
"1485","KIF7"
"1486","KIN"
"1487","KLB"
"1488","KLF10"
"1489","KLF11"
"1490","KLF15"
"1491","KLF4"
"1492","KLF7"
"1493","KLF8"
"1494","KLHDC1"
"1495","KLHL12"
"1496","KLHL25"
"1497","KLHL3"
"1498","KLHL5"
"1499","KLK10"
"1500","KLK7"
"1501","KLK8"
"1502","KLRF1"
"1503","KLRG2"
"1504","KMO"
"1505","KPNA3"
"1506","KPNB1"
"1507","KRBA1"
"1508","KRBA2"
"1509","KRIT1"
"1510","KRT19"
"1511","KRTCAP3"
"1512","L2HGDH"
"1513","L3MBTL3"
"1514","LAG3"
"1515","LAGE3"
"1516","LAIR1"
"1517","LAMP2"
"1518","LANCL2"
"1519","LAP3"
"1520","LAPTM4B"
"1521","LARP1B"
"1522","LARP1"
"1523","LATS2"
"1524","LDB1"
"1525","LDLRAD3"
"1526","LEF1"
"1527","LEMD2"
"1528","LEO1"
"1529","LETM2"
"1530","LFNG"
"1531","LGI2"
"1532","LGI3"
"1533","LGI4"
"1534","LGSN"
"1535","LHFPL3"
"1536","LIAS"
"1537","LIG1"
"1538","LIG3"
"1539","LILRA4"
"1540","LILRB3"
"1541","LIME1"
"1542","LIMK2"
"1543","LIN54"
"1544","LIN9"
"1545","LIPA"
"1546","LIPG"
"1547","LLPH"
"1548","LMAN1"
"1549","LMBR1L"
"1550","LMBRD1"
"1551","LMNB2"
"1552","LNX2"
"1553","LOXL2"
"1554","LPAR2"
"1555","LPAR6"
"1556","LPCAT3"
"1557","LPGAT1"
"1558","LPL"
"1559","LRFN4"
"1560","LRIG2"
"1561","LRP12"
"1562","LRP1"
"1563","LRP2BP"
"1564","LRP2"
"1565","LRP5L"
"1566","LRRC10B"
"1567","LRRC20"
"1568","LRRC23"
"1569","LRRC2"
"1570","LRRC37A"
"1571","LRRC37B"
"1572","LRRC40"
"1573","LRRC45"
"1574","LRRC49"
"1575","LRRC57"
"1576","LRRC8B"
"1577","LRRC8C"
"1578","LRRC8E"
"1579","LRRFIP2"
"1580","LRRIQ1"
"1581","LRRN1"
"1582","LRSAM1"
"1583","LSM14B"
"1584","LSM1"
"1585","LSM2"
"1586","LSM5"
"1587","LSM7"
"1588","LSP1"
"1589","LSS"
"1590","LTA4H"
"1591","LTB4R"
"1592","LTBP1"
"1593","LTBP2"
"1594","LUC7L3"
"1595","LUC7L"
"1596","LY86"
"1597","LYPD1"
"1598","LYPD3"
"1599","LYPD6B"
"1600","LYRM4"
"1601","LYSMD4"
"1602","LZTS1"
"1603","MACC1"
"1604","MACROD2"
"1605","MAD2L1"
"1606","MAD2L2"
"1607","MAFF"
"1608","MAFK"
"1609","MAGEC1"
"1610","MAGEC2"
"1611","MAGED2"
"1612","MAGEF1"
"1613","MAGI3"
"1614","MAGIX"
"1615","MAGOHB"
"1616","MAGT1"
"1617","MAG"
"1618","MAK"
"1619","MAML1"
"1620","MAN2A2"
"1621","MANBA"
"1622","MANEAL"
"1623","MANEA"
"1624","MAP2K3"
"1625","MAP2K5"
"1626","MAP2"
"1627","MAP3K11"
"1628","MAP3K4"
"1629","MAP3K9"
"1630","MAP4K2"
"1631","MAP4K5"
"1632","MAP6D1"
"1633","MAP6"
"1634","MAPK11"
"1635","MAPK12"
"1636","MAPK14"
"1637","MAPK8IP2"
"1638","MAPK8"
"1639","MAPKAPK3"
"1640","MAPRE1"
"1641","MAPRE3"
"1642","MARCKS"
"1643","MARK1"
"1644","MARK2"
"1645","MARVELD2"
"1646","MARVELD3"
"1647","MASP1"
"1648","MAST2"
"1649","MAST3"
"1650","MAT2B"
"1651","MATK"
"1652","MATN3"
"1653","MBD6"
"1654","MBTPS2"
"1655","MCCC1"
"1656","MCL1"
"1657","MCM2"
"1658","MCM5"
"1659","MCM6"
"1660","MCM8"
"1661","MCOLN2"
"1662","MCTP1"
"1663","MDH1"
"1664","MDK"
"1665","MDM1"
"1666","ME3"
"1667","MEA1"
"1668","MEAF6"
"1669","MECOM"
"1670","MECP2"
"1671","MED10"
"1672","MED11"
"1673","MED13"
"1674","MED14"
"1675","MED17"
"1676","MED1"
"1677","MED23"
"1678","MED28"
"1679","MED31"
"1680","MED8"
"1681","MED9"
"1682","MEG3"
"1683","MEGF9"
"1684","MEI1"
"1685","MEIS2"
"1686","MEIS3"
"1687","MEN1"
"1688","MEPCE"
"1689","MEST"
"1690","METAP1"
"1691","METTL1"
"1692","METTL4"
"1693","METTL5"
"1694","METTL7A"
"1695","METTL8"
"1696","METTL9"
"1697","MET"
"1698","MEX3D"
"1699","MFAP3L"
"1700","MFSD9"
"1701","MGAT3"
"1702","MGA"
"1703","MGLL"
"1704","MGRN1"
"1705","MIAT"
"1706","MINPP1"
"1707","MKI67"
"1708","MKNK2"
"1709","MKRN1"
"1710","MLEC"
"1711","MLH3"
"1712","MLKL"
"1713","MLLT11"
"1714","MLPH"
"1715","MLST8"
"1716","MMAA"
"1717","MMADHC"
"1718","MMP11"
"1719","MMP12"
"1720","MMP14"
"1721","MMP15"
"1722","MMP17"
"1723","MMP19"
"1724","MMP3"
"1725","MMP7"
"1726","MMP9"
"1727","MMRN1"
"1728","MMS19"
"1729","MN1"
"1730","MND1"
"1731","MNDA"
"1732","MNX1"
"1733","MOAP1"
"1734","MORC2"
"1735","MORC3"
"1736","MPG"
"1737","MPHOSPH8"
"1738","MPI"
"1739","MPV17L2"
"1740","MPV17"
"1741","MR1"
"1742","MRAP2"
"1743","MRFAP1L1"
"1744","MRPL10"
"1745","MRPL11"
"1746","MRPL19"
"1747","MRPL21"
"1748","MRPL22"
"1749","MRPL23"
"1750","MRPL30"
"1751","MRPL33"
"1752","MRPL35"
"1753","MRPL36"
"1754","MRPL41"
"1755","MRPL4"
"1756","MRPL52"
"1757","MRPS14"
"1758","MRPS15"
"1759","MRPS17"
"1760","MRPS18A"
"1761","MRPS26"
"1762","MRPS27"
"1763","MRPS28"
"1764","MRPS2"
"1765","MRPS7"
"1766","MS4A6A"
"1767","MS4A7"
"1768","MSH2"
"1769","MSH6"
"1770","MSL1"
"1771","MSMB"
"1772","MSN"
"1773","MSR1"
"1774","MSRA"
"1775","MSX1"
"1776","MT1X"
"1777","MTA2"
"1778","MTAP"
"1779","MTBP"
"1780","MTCP1"
"1781","MTDH"
"1782","MTHFD1L"
"1783","MTHFR"
"1784","MTMR14"
"1785","MTMR2"
"1786","MTMR4"
"1787","MTMR7"
"1788","MTOR"
"1789","MTRF1"
"1790","MUC13"
"1791","MUC15"
"1792","MUC20"
"1793","MUC4"
"1794","MUL1"
"1795","MXD3"
"1796","MXRA5"
"1797","MYBL1"
"1798","MYBL2"
"1799","MYBPHL"
"1800","MYEOV"
"1801","MYH11"
"1802","MYL12A"
"1803","MYL12B"
"1804","MYL6B"
"1805","MYLIP"
"1806","MYO1D"
"1807","MYO1E"
"1808","MYO9A"
"1809","MYOM1"
"1810","MYOZ1"
"1811","MYPOP"
"1812","N4BP1"
"1813","N4BP2L2"
"1814","N6AMT1"
"1815","NAA25"
"1816","NAALADL1"
"1817","NACC1"
"1818","NADSYN1"
"1819","NAIP"
"1820","NALCN"
"1821","NAP1L1"
"1822","NAPA"
"1823","NAPSA"
"1824","NAT14"
"1825","NBAS"
"1826","NBL1"
"1827","NBPF10"
"1828","NBPF1"
"1829","NBR1"
"1830","NCAPD2"
"1831","NCAPG2"
"1832","NCAPG"
"1833","NCBP1"
"1834","NCBP2"
"1835","NCF1"
"1836","NCK1"
"1837","NCK2"
"1838","NCKAP1L"
"1839","NCL"
"1840","NCOA7"
"1841","NCSTN"
"1842","NDC80"
"1843","NDEL1"
"1844","NDRG1"
"1845","NDUFA1"
"1846","NDUFB10"
"1847","NDUFB3"
"1848","NDUFB5"
"1849","NDUFB9"
"1850","NDUFS1"
"1851","NDUFS5"
"1852","NDUFS6"
"1853","NDUFS7"
"1854","NDUFS8"
"1855","NEAT1"
"1856","NECAP1"
"1857","NECAP2"
"1858","NEDD1"
"1859","NEDD4L"
"1860","NEK8"
"1861","NELL2"
"1862","NETO2"
"1863","NEU3"
"1864","NEURL1B"
"1865","NEXN"
"1866","NFAM1"
"1867","NFATC1"
"1868","NFE2L2"
"1869","NFKB1"
"1870","NFKB2"
"1871","NFKBID"
"1872","NFKBIL1"
"1873","NFRKB"
"1874","NFU1"
"1875","NFX1"
"1876","NFXL1"
"1877","NHEJ1"
"1878","NHP2"
"1879","NHSL2"
"1880","NHS"
"1881","NICN1"
"1882","NID1"
"1883","NINL"
"1884","NIPAL1"
"1885","NIPBL"
"1886","NIPSNAP1"
"1887","NIPSNAP3A"
"1888","NKAP"
"1889","NKD2"
"1890","NKIRAS2"
"1891","NKRF"
"1892","NKX2-1"
"1893","NKX3-1"
"1894","NLE1"
"1895","NME5"
"1896","NME6"
"1897","NME7"
"1898","NMRAL1"
"1899","NMT1"
"1900","NOC3L"
"1901","NOL10"
"1902","NOL11"
"1903","NOL3"
"1904","NOL9"
"1905","NOLC1"
"1906","NOMO2"
"1907","NOP56"
"1908","NOS2"
"1909","NOSTRIN"
"1910","NOTUM"
"1911","NOX4"
"1912","NPAS2"
"1913","NPC2"
"1914","NPRL3"
"1915","NPTX1"
"1916","NPTX2"
"1917","NPY1R"
"1918","NR0B2"
"1919","NR1D1"
"1920","NR1H2"
"1921","NR2C2AP"
"1922","NR2C2"
"1923","NR2F6"
"1924","NR4A1"
"1925","NR5A2"
"1926","NRBP1"
"1927","NRIP1"
"1928","NRM"
"1929","NRSN2"
"1930","NSF"
"1931","NSMCE1"
"1932","NSMCE2"
"1933","NSUN3"
"1934","NSUN4"
"1935","NSUN5P1"
"1936","NSUN7"
"1937","NT5DC1"
"1938","NTF4"
"1939","NTNG1"
"1940","NTRK2"
"1941","NTS"
"1942","NUAK2"
"1943","NUCKS1"
"1944","NUDCD3"
"1945","NUDT15"
"1946","NUDT17"
"1947","NUDT1"
"1948","NUDT3"
"1949","NUDT6"
"1950","NUDT7"
"1951","NUFIP1"
"1952","NUMBL"
"1953","NUP107"
"1954","NUP153"
"1955","NUP155"
"1956","NUP35"
"1957","NUP37"
"1958","NUP50"
"1959","NUP54"
"1960","NUP62"
"1961","NUP85"
"1962","NUP93"
"1963","NUPR1"
"1964","NUTF2"
"1965","NVL"
"1966","NWD1"
"1967","NXF1"
"1968","NXPH4"
"1969","NXT1"
"1970","OAF"
"1971","OASL"
"1972","OAT"
"1973","OAZ2"
"1974","OAZ3"
"1975","OBSL1"
"1976","OCEL1"
"1977","OCIAD1"
"1978","OCIAD2"
"1979","ODAM"
"1980","ODF3B"
"1981","OGDH"
"1982","OGFRL1"
"1983","OGN"
"1984","OLFM1"
"1985","OLFML2B"
"1986","ORMDL1"
"1987","OSBP2"
"1988","OSBPL1A"
"1989","OSBPL2"
"1990","OSBPL6"
"1991","OSBPL7"
"1992","OSM"
"1993","OSR2"
"1994","OTUD1"
"1995","OTUD5"
"1996","OXCT1"
"1997","P2RX7"
"1998","P2RY10"
"1999","P2RY8"
"2000","P4HA3"
"2001","P4HB"
"2002","P4HTM"
"2003","PA2G4"
"2004","PAAF1"
"2005","PABPC1L"
"2006","PABPC4"
"2007","PABPN1"
"2008","PACSIN1"
"2009","PACSIN2"
"2010","PAFAH1B1"
"2011","PAFAH1B2"
"2012","PAFAH1B3"
"2013","PAICS"
"2014","PAK1IP1"
"2015","PAK2"
"2016","PALM3"
"2017","PAN2"
"2018","PANX1"
"2019","PAPLN"
"2020","PAQR3"
"2021","PAQR4"
"2022","PAQR8"
"2023","PARD3B"
"2024","PARD6B"
"2025","PARL"
"2026","PARM1"
"2027","PARP11"
"2028","PARP15"
"2029","PARP2"
"2030","PASK"
"2031","PAX7"
"2032","PBX1"
"2033","PCBP2"
"2034","PCBP3"
"2035","PCBP4"
"2036","PCDH7"
"2037","PCDHA12"
"2038","PCDHB11"
"2039","PCDHB13"
"2040","PCDHB2"
"2041","PCDHGA3"
"2042","PCDHGB6"
"2043","PCGF2"
"2044","PCGF6"
"2045","PCP4"
"2046","PCSK9"
"2047","PCYOX1"
"2048","PDAP1"
"2049","PDCD10"
"2050","PDCD11"
"2051","PDCD1LG2"
"2052","PDCD2"
"2053","PDCD5"
"2054","PDCD6IP"
"2055","PDCL3"
"2056","PDE2A"
"2057","PDE4B"
"2058","PDE4D"
"2059","PDE6D"
"2060","PDE9A"
"2061","PDF"
"2062","PDGFB"
"2063","PDGFRB"
"2064","PDGFRL"
"2065","PDHA1"
"2066","PDHB"
"2067","PDHX"
"2068","PDIA6"
"2069","PDK2"
"2070","PDLIM2"
"2071","PDLIM5"
"2072","PDLIM7"
"2073","PDP1"
"2074","PDSS1"
"2075","PDXK"
"2076","PDZD8"
"2077","PDZK1IP1"
"2078","PEBP4"
"2079","PEF1"
"2080","PELP1"
"2081","PER1"
"2082","PER3"
"2083","PES1"
"2084","PEX11A"
"2085","PEX11B"
"2086","PEX11G"
"2087","PEX13"
"2088","PEX16"
"2089","PEX1"
"2090","PEX5"
"2091","PFDN2"
"2092","PFKFB2"
"2093","PFN2"
"2094","PGBD4"
"2095","PGBD5"
"2096","PGM2L1"
"2097","PGM5"
"2098","PGP"
"2099","PGRMC1"
"2100","PHACTR1"
"2101","PHACTR3"
"2102","PHB2"
"2103","PHB"
"2104","PHC2"
"2105","PHC3"
"2106","PHF19"
"2107","PHF5A"
"2108","PHLDA1"
"2109","PHLDB3"
"2110","PHOSPHO2"
"2111","PI15"
"2112","PI16"
"2113","PI4K2A"
"2114","PIAS1"
"2115","PIF1"
"2116","PIGB"
"2117","PIGH"
"2118","PIGQ"
"2119","PIGW"
"2120","PIK3C2B"
"2121","PIK3C3"
"2122","PIK3CB"
"2123","PIK3R3"
"2124","PIM1"
"2125","PINK1"
"2126","PIR"
"2127","PITPNA"
"2128","PITPNC1"
"2129","PITRM1"
"2130","PJA1"
"2131","PKD1"
"2132","PKHD1L1"
"2133","PKMYT1"
"2134","PKN1"
"2135","PKN3"
"2136","PKNOX1"
"2137","PLA1A"
"2138","PLA2G12A"
"2139","PLA2G12B"
"2140","PLA2G1B"
"2141","PLA2G3"
"2142","PLA2G4F"
"2143","PLA2R1"
"2144","PLAA"
"2145","PLAGL1"
"2146","PLAT"
"2147","PLCXD2"
"2148","PLEK2"
"2149","PLEKHA3"
"2150","PLEKHB1"
"2151","PLEKHG2"
"2152","PLEKHG3"
"2153","PLEKHG5"
"2154","PLEKHG6"
"2155","PLEKHM3"
"2156","PLEKHO2"
"2157","PLIN4"
"2158","PLIN5"
"2159","PLK3"
"2160","PLK4"
"2161","PLLP"
"2162","PLOD1"
"2163","PLOD3"
"2164","PLS1"
"2165","PLTP"
"2166","PLXNA1"
"2167","PLXND1"
"2168","PM20D2"
"2169","PMPCA"
"2170","PMS1"
"2171","PNKD"
"2172","PNOC"
"2173","PNPLA2"
"2174","PNPLA7"
"2175","PNRC1"
"2176","PNRC2"
"2177","POFUT1"
"2178","POLA2"
"2179","POLB"
"2180","POLD4"
"2181","POLE"
"2182","POLK"
"2183","POLR1A"
"2184","POLR1C"
"2185","POLR3C"
"2186","POLR3D"
"2187","POLR3E"
"2188","POLR3G"
"2189","POLR3H"
"2190","POLRMT"
"2191","POMT2"
"2192","POP1"
"2193","POPDC2"
"2194","POSTN"
"2195","POU2AF1"
"2196","POU2F2"
"2197","PPAN"
"2198","PPARGC1A"
"2199","PPAT"
"2200","PPCS"
"2201","PPFIA1"
"2202","PPFIA4"
"2203","PPFIBP2"
"2204","PPID"
"2205","PPIL6"
"2206","PPL"
"2207","PPM1A"
"2208","PPM1G"
"2209","PPM1L"
"2210","PPM1N"
"2211","PPP1R12C"
"2212","PPP1R14D"
"2213","PPP1R3D"
"2214","PPP1R3G"
"2215","PPP1R8"
"2216","PPP1R9B"
"2217","PPP2R2A"
"2218","PPP2R5D"
"2219","PPP3CB"
"2220","PPP3CC"
"2221","PPP4C"
"2222","PPP4R2"
"2223","PPP6C"
"2224","PRAME"
"2225","PRC1"
"2226","PRDM10"
"2227","PRDM15"
"2228","PRDM16"
"2229","PRDM1"
"2230","PRDM8"
"2231","PREPL"
"2232","PRF1"
"2233","PRIM1"
"2234","PRIM2"
"2235","PRIMA1"
"2236","PRKACA"
"2237","PRKAR1A"
"2238","PRKCE"
"2239","PRKCI"
"2240","PRKCQ"
"2241","PRKCSH"
"2242","PRKCZ"
"2243","PRKD1"
"2244","PRKDC"
"2245","PRKG2"
"2246","PRMT5"
"2247","PRMT7"
"2248","PRND"
"2249","PRODH"
"2250","PRPF18"
"2251","PRPF19"
"2252","PRPF39"
"2253","PRPF40A"
"2254","PRPF6"
"2255","PRPSAP1"
"2256","PRPSAP2"
"2257","PRR13"
"2258","PRR14"
"2259","PRR16"
"2260","PRR19"
"2261","PRR3"
"2262","PRSS12"
"2263","PRSS21"
"2264","PRSS53"
"2265","PRTFDC1"
"2266","PRX"
"2267","PSD3"
"2268","PSD4"
"2269","PSD"
"2270","PSKH1"
"2271","PSMA2"
"2272","PSMA4"
"2273","PSMA6"
"2274","PSMB3"
"2275","PSMB6"
"2276","PSMB7"
"2277","PSMB8"
"2278","PSMB9"
"2279","PSMC2"
"2280","PSMC3IP"
"2281","PSMC3"
"2282","PSMD10"
"2283","PSMD12"
"2284","PSMD13"
"2285","PSMD2"
"2286","PSMD9"
"2287","PSME1"
"2288","PSME2"
"2289","PSRC1"
"2290","PTCHD1"
"2291","PTGER1"
"2292","PTGER3"
"2293","PTGES3"
"2294","PTGIR"
"2295","PTGIS"
"2296","PTHLH"
"2297","PTP4A2"
"2298","PTPN1"
"2299","PTPN21"
"2300","PTPRG"
"2301","PTPRJ"
"2302","PTPRN2"
"2303","PTPRN"
"2304","PTPRR"
"2305","PTPRT"
"2306","PTTG1"
"2307","PTX3"
"2308","PUF60"
"2309","PUS10"
"2310","PUS3"
"2311","PVT1"
"2312","PWP1"
"2313","PXMP4"
"2314","PYCR1"
"2315","PYGB"
"2316","PZP"
"2317","QPCTL"
"2318","QPCT"
"2319","QRSL1"
"2320","QSOX2"
"2321","R3HDM1"
"2322","RAB11A"
"2323","RAB11FIP1"
"2324","RAB11FIP2"
"2325","RAB17"
"2326","RAB1A"
"2327","RAB20"
"2328","RAB26"
"2329","RAB30"
"2330","RAB31"
"2331","RAB32"
"2332","RAB36"
"2333","RAB40B"
"2334","RAB42"
"2335","RAB4A"
"2336","RAB5B"
"2337","RABEP1"
"2338","RABEP2"
"2339","RABGAP1L"
"2340","RABL2B"
"2341","RACGAP1"
"2342","RAD18"
"2343","RAD23B"
"2344","RAD54L"
"2345","RAD9A"
"2346","RALGPS2"
"2347","RANBP10"
"2348","RANBP1"
"2349","RANBP2"
"2350","RANGAP1"
"2351","RAPGEF3"
"2352","RARB"
"2353","RARRES1"
"2354","RASD1"
"2355","RASD2"
"2356","RASGEF1A"
"2357","RASGEF1B"
"2358","RASGRF2"
"2359","RASGRP2"
"2360","RASL10B"
"2361","RASL11A"
"2362","RASSF1"
"2363","RBBP7"
"2364","RBBP8"
"2365","RBL1"
"2366","RBL2"
"2367","RBM10"
"2368","RBM12"
"2369","RBM14"
"2370","RBM28"
"2371","RBM3"
"2372","RBM45"
"2373","RBM6"
"2374","RBM8A"
"2375","RBMX2"
"2376","RBPMS"
"2377","RCAN1"
"2378","RCC2"
"2379","RCHY1"
"2380","RCL1"
"2381","RCN2"
"2382","RCN3"
"2383","RCOR2"
"2384","RCOR3"
"2385","RDH10"
"2386","RDH14"
"2387","REC8"
"2388","RECQL4"
"2389","RECQL5"
"2390","RECQL"
"2391","REEP1"
"2392","REEP2"
"2393","REEP3"
"2394","REEP4"
"2395","REEP5"
"2396","REEP6"
"2397","REG4"
"2398","RELL1"
"2399","REPS2"
"2400","RER1"
"2401","REST"
"2402","RETN"
"2403","RETSAT"
"2404","REV3L"
"2405","RFC3"
"2406","RFC4"
"2407","RFC5"
"2408","RFFL"
"2409","RFTN1"
"2410","RFWD3"
"2411","RFX2"
"2412","RFX3"
"2413","RGN"
"2414","RGS12"
"2415","RGS13"
"2416","RGS17"
"2417","RGS19"
"2418","RGS22"
"2419","RHBDD2"
"2420","RHBDF1"
"2421","RHBDF2"
"2422","RHBDL1"
"2423","RHEBL1"
"2424","RHOBTB1"
"2425","RHOBTB2"
"2426","RHOB"
"2427","RHOH"
"2428","RHOT1"
"2429","RIBC1"
"2430","RIF1"
"2431","RILPL1"
"2432","RIMKLA"
"2433","RIMS4"
"2434","RIOK1"
"2435","RIPK4"
"2436","RIT1"
"2437","RNASE1"
"2438","RNASE4"
"2439","RNASE6"
"2440","RNASEH1"
"2441","RNASEH2A"
"2442","RND2"
"2443","RNF103"
"2444","RNF11"
"2445","RNF121"
"2446","RNF122"
"2447","RNF126"
"2448","RNF130"
"2449","RNF135"
"2450","RNF146"
"2451","RNF157"
"2452","RNF168"
"2453","RNF181"
"2454","RNF207"
"2455","RNF208"
"2456","RNF212"
"2457","RNF214"
"2458","RNF215"
"2459","RNF216"
"2460","RNF220"
"2461","RNF26"
"2462","RNF2"
"2463","RNF31"
"2464","RNF39"
"2465","RNFT1"
"2466","RNH1"
"2467","RNPEP"
"2468","ROMO1"
"2469","ROR2"
"2470","RP2"
"2471","RP9"
"2472","RPAIN"
"2473","RPAP2"
"2474","RPAP3"
"2475","RPF1"
"2476","RPF2"
"2477","RPGRIP1L"
"2478","RPL10A"
"2479","RPL10"
"2480","RPL12"
"2481","RPL13AP17"
"2482","RPL13AP20"
"2483","RPL13A"
"2484","RPL13"
"2485","RPL18A"
"2486","RPL19"
"2487","RPL23A"
"2488","RPL29"
"2489","RPL32P3"
"2490","RPL32"
"2491","RPL35"
"2492","RPL36A"
"2493","RPL36"
"2494","RPL39L"
"2495","RPL39"
"2496","RPL6"
"2497","RPL7A"
"2498","RPL7L1"
"2499","RPL8"
"2500","RPL9"
"2501","RPLP0"
"2502","RPP21"
"2503","RPP30"
"2504","RPRD1B"
"2505","RPRD2"
"2506","RPS25"
"2507","RPS2"
"2508","RPS3"
"2509","RPS6KA1"
"2510","RPS6KA2"
"2511","RPS6KA4"
"2512","RPS6KA5"
"2513","RPS6KB1"
"2514","RPS6KC1"
"2515","RPS6"
"2516","RPTOR"
"2517","RPUSD2"
"2518","RRAD"
"2519","RRM1"
"2520","RRP9"
"2521","RSAD2"
"2522","RSBN1L"
"2523","RSF1"
"2524","RSPH3"
"2525","RSPH4A"
"2526","RSPO1"
"2527","RSRC1"
"2528","RSU1"
"2529","RTKN"
"2530","RTN4IP1"
"2531","RTP4"
"2532","RUFY2"
"2533","RUNDC3A"
"2534","RUNX1"
"2535","RUSC1"
"2536","RUVBL1"
"2537","RUVBL2"
"2538","RWDD1"
"2539","RXRB"
"2540","RXRG"
"2541","RYK"
"2542","S100A10"
"2543","S100A13"
"2544","S100A9"
"2545","S100B"
"2546","S1PR2"
"2547","SACM1L"
"2548","SALL4"
"2549","SAMD10"
"2550","SAP30"
"2551","SART1"
"2552","SAT2"
"2553","SATB1"
"2554","SATB2"
"2555","SBF1"
"2556","SBK1"
"2557","SCAMP2"
"2558","SCAPER"
"2559","SCARNA5"
"2560","SCCPDH"
"2561","SCD"
"2562","SCEL"
"2563","SCFD1"
"2564","SCFD2"
"2565","SCG2"
"2566","SCG3"
"2567","SCGB1A1"
"2568","SCGB3A1"
"2569","SCLT1"
"2570","SCML2"
"2571","SCN1B"
"2572","SCN3B"
"2573","SCNN1B"
"2574","SCUBE2"
"2575","SCUBE3"
"2576","SCYL1"
"2577","SDAD1"
"2578","SDC3"
"2579","SDF2L1"
"2580","SDHAP1"
"2581","SDR39U1"
"2582","SEC14L3"
"2583","SEC16A"
"2584","SEC23IP"
"2585","SEC61G"
"2586","SEL1L"
"2587","SELENBP1"
"2588","SEMA3A"
"2589","SEMA3G"
"2590","SEMA4D"
"2591","SEMA4F"
"2592","SEMA7A"
"2593","SENP1"
"2594","SENP3"
"2595","SERBP1"
"2596","SERHL2"
"2597","SERINC2"
"2598","SERINC3"
"2599","SERPINA3"
"2600","SERPINB9"
"2601","SERPINH1"
"2602","SESN1"
"2603","SESTD1"
"2604","SETD6"
"2605","SETDB2"
"2606","SETMAR"
"2607","SET"
"2608","SF3B2"
"2609","SF3B3"
"2610","SF3B4"
"2611","SFMBT1"
"2612","SFPQ"
"2613","SFRP2"
"2614","SFTA1P"
"2615","SFTA2"
"2616","SFTPA1"
"2617","SFTPA2"
"2618","SFTPB"
"2619","SFTPD"
"2620","SFXN3"
"2621","SGCA"
"2622","SGCB"
"2623","SGK1"
"2624","SGK3"
"2625","SGPL1"
"2626","SGTA"
"2627","SGTB"
"2628","SH2B2"
"2629","SH2D1A"
"2630","SH2D3A"
"2631","SH3BGRL3"
"2632","SH3BP4"
"2633","SH3BP5L"
"2634","SH3GL1"
"2635","SH3GL2"
"2636","SH3GL3"
"2637","SH3KBP1"
"2638","SHANK2"
"2639","SHC1"
"2640","SHC3"
"2641","SHCBP1"
"2642","SHISA4"
"2643","SHPK"
"2644","SHROOM2"
"2645","SHROOM3"
"2646","SIAH1"
"2647","SIAH2"
"2648","SIDT2"
"2649","SIGLEC1"
"2650","SIGLEC5"
"2651","SIGLEC8"
"2652","SIGLEC9"
"2653","SIK2"
"2654","SIM2"
"2655","SIRPB1"
"2656","SIRPB2"
"2657","SIRT2"
"2658","SIRT3"
"2659","SIRT4"
"2660","SIX1"
"2661","SKA2"
"2662","SKA3"
"2663","SKAP1"
"2664","SKAP2"
"2665","SKIV2L"
"2666","SKP2"
"2667","SLAIN1"
"2668","SLAMF8"
"2669","SLA"
"2670","SLBP"
"2671","SLC12A2"
"2672","SLC13A2"
"2673","SLC13A3"
"2674","SLC14A1"
"2675","SLC15A3"
"2676","SLC16A10"
"2677","SLC16A11"
"2678","SLC16A1"
"2679","SLC16A5"
"2680","SLC16A6"
"2681","SLC16A7"
"2682","SLC17A5"
"2683","SLC1A1"
"2684","SLC1A3"
"2685","SLC1A5"
"2686","SLC22A15"
"2687","SLC22A18AS"
"2688","SLC22A18"
"2689","SLC22A3"
"2690","SLC23A2"
"2691","SLC25A13"
"2692","SLC25A15"
"2693","SLC25A20"
"2694","SLC25A23"
"2695","SLC25A25"
"2696","SLC25A37"
"2697","SLC25A42"
"2698","SLC25A46"
"2699","SLC25A5"
"2700","SLC26A1"
"2701","SLC26A2"
"2702","SLC26A6"
"2703","SLC27A1"
"2704","SLC29A4"
"2705","SLC2A12"
"2706","SLC2A6"
"2707","SLC30A9"
"2708","SLC34A2"
"2709","SLC35A1"
"2710","SLC35A4"
"2711","SLC35A5"
"2712","SLC35C1"
"2713","SLC35D1"
"2714","SLC35E3"
"2715","SLC35E4"
"2716","SLC37A3"
"2717","SLC38A10"
"2718","SLC38A1"
"2719","SLC39A3"
"2720","SLC39A4"
"2721","SLC39A6"
"2722","SLC39A8"
"2723","SLC39A9"
"2724","SLC3A2"
"2725","SLC41A3"
"2726","SLC43A2"
"2727","SLC45A3"
"2728","SLC46A2"
"2729","SLC47A1"
"2730","SLC48A1"
"2731","SLC4A11"
"2732","SLC4A3"
"2733","SLC4A4"
"2734","SLC5A1"
"2735","SLC6A17"
"2736","SLC6A20"
"2737","SLC6A8"
"2738","SLC9A1"
"2739","SLC9A5"
"2740","SLCO2A1"
"2741","SLCO2B1"
"2742","SLCO4C1"
"2743","SLFN12"
"2744","SLFN13"
"2745","SLFNL1"
"2746","SLPI"
"2747","SMAD1"
"2748","SMAD6"
"2749","SMARCAL1"
"2750","SMARCB1"
"2751","SMARCD3"
"2752","SMC1B"
"2753","SMC2"
"2754","SMC3"
"2755","SMC4"
"2756","SMC6"
"2757","SMCHD1"
"2758","SMG1"
"2759","SMNDC1"
"2760","SMO"
"2761","SMPD1"
"2762","SMYD4"
"2763","SMYD5"
"2764","SNAP23"
"2765","SNAPC1"
"2766","SNAPC4"
"2767","SNAPIN"
"2768","SNCAIP"
"2769","SNF8"
"2770","SNHG8"
"2771","SNORA23"
"2772","SNRNP200"
"2773","SNRNP40"
"2774","SNRPB2"
"2775","SNRPB"
"2776","SNRPC"
"2777","SNRPD1"
"2778","SNRPD2"
"2779","SNRPD3"
"2780","SNRPE"
"2781","SNRPF"
"2782","SNRPG"
"2783","SNW1"
"2784","SNX14"
"2785","SNX16"
"2786","SNX20"
"2787","SNX22"
"2788","SNX24"
"2789","SNX25"
"2790","SNX29"
"2791","SNX2"
"2792","SNX3"
"2793","SNX9"
"2794","SORBS1"
"2795","SORBS2"
"2796","SORT1"
"2797","SOS1"
"2798","SOX2"
"2799","SOX30"
"2800","SOX5"
"2801","SP140L"
"2802","SP1"
"2803","SP5"
"2804","SPAG7"
"2805","SPATA13"
"2806","SPATA18"
"2807","SPATA20"
"2808","SPATA5"
"2809","SPATA6"
"2810","SPC24"
"2811","SPC25"
"2812","SPEF2"
"2813","SPG7"
"2814","SPI1"
"2815","SPIRE2"
"2816","SPOCD1"
"2817","SPOPL"
"2818","SPOP"
"2819","SPP1"
"2820","SPRY4"
"2821","SPR"
"2822","SPTBN2"
"2823","SPTBN4"
"2824","SQSTM1"
"2825","SRD5A1"
"2826","SREBF2"
"2827","SRFBP1"
"2828","SRRT"
"2829","SRXN1"
"2830","SS18L1"
"2831","SSBP1"
"2832","SSB"
"2833","SSH1"
"2834","SSH2"
"2835","SSR1"
"2836","SSR2"
"2837","SSU72"
"2838","SSX2IP"
"2839","ST20"
"2840","ST6GALNAC1"
"2841","ST6GALNAC3"
"2842","ST6GALNAC4"
"2843","STAMBPL1"
"2844","STARD10"
"2845","STARD3"
"2846","STARD4"
"2847","STAT1"
"2848","STAT4"
"2849","STAT5A"
"2850","STAT6"
"2851","STEAP1"
"2852","STEAP4"
"2853","STIM1"
"2854","STIP1"
"2855","STK11IP"
"2856","STK16"
"2857","STK19"
"2858","STK32A"
"2859","STK32C"
"2860","STK38L"
"2861","STK3"
"2862","STMN1"
"2863","STOML2"
"2864","STOX2"
"2865","STRA6"
"2866","STRADB"
"2867","STRBP"
"2868","STRN3"
"2869","STRN4"
"2870","STT3B"
"2871","STX12"
"2872","STX16"
"2873","STX18"
"2874","STX3"
"2875","STX7"
"2876","STXBP1"
"2877","STXBP4"
"2878","STYXL1"
"2879","STYX"
"2880","SUDS3"
"2881","SUGT1"
"2882","SULF1"
"2883","SULT1A1"
"2884","SULT1A2"
"2885","SULT1C2"
"2886","SUMO1"
"2887","SUMO2"
"2888","SUN1"
"2889","SUOX"
"2890","SUPT16H"
"2891","SURF2"
"2892","SUSD1"
"2893","SUSD2"
"2894","SUV39H1"
"2895","SUZ12"
"2896","SVIP"
"2897","SYDE2"
"2898","SYNGR1"
"2899","SYNJ2"
"2900","SYNPO2L"
"2901","SYS1"
"2902","SYT4"
"2903","SYT8"
"2904","SYTL2"
"2905","TACC2"
"2906","TADA1"
"2907","TADA2A"
"2908","TAF12"
"2909","TAF13"
"2910","TAF15"
"2911","TAF1A"
"2912","TAF1B"
"2913","TAF3"
"2914","TAF4B"
"2915","TAF5"
"2916","TAF6"
"2917","TAGAP"
"2918","TAOK1"
"2919","TAPBP"
"2920","TAPT1"
"2921","TATDN2"
"2922","TATDN3"
"2923","TAX1BP1"
"2924","TBC1D10B"
"2925","TBC1D15"
"2926","TBC1D22A"
"2927","TBC1D2"
"2928","TBC1D7"
"2929","TBC1D9"
"2930","TBCA"
"2931","TBCCD1"
"2932","TBCC"
"2933","TBCD"
"2934","TBL1XR1"
"2935","TBL1X"
"2936","TBX15"
"2937","TBX18"
"2938","TBX3"
"2939","TBXA2R"
"2940","TBXAS1"
"2941","TCEAL4"
"2942","TCERG1"
"2943","TCF19"
"2944","TCF25"
"2945","TCF7L2"
"2946","TCFL5"
"2947","TCOF1"
"2948","TCP11L2"
"2949","TCTA"
"2950","TDRD10"
"2951","TDRD3"
"2952","TEAD2"
"2953","TEF"
"2954","TEKT1"
"2955","TEKT2"
"2956","TEKT4"
"2957","TET2"
"2958","TEX10"
"2959","TEX14"
"2960","TEX2"
"2961","TEX9"
"2962","TFAM"
"2963","TFDP1"
"2964","TFF3"
"2965","TFIP11"
"2966","TFPI"
"2967","TFR2"
"2968","TGFB2"
"2969","TGFBI"
"2970","TGIF2"
"2971","TGM2"
"2972","THBD"
"2973","THBS2"
"2974","THBS3"
"2975","THEMIS"
"2976","THOC3"
"2977","THOP1"
"2978","THRAP3"
"2979","THRB"
"2980","THUMPD2"
"2981","THUMPD3"
"2982","THY1"
"2983","TIAF1"
"2984","TIAM2"
"2985","TICAM1"
"2986","TIGD5"
"2987","TIGIT"
"2988","TIMELESS"
"2989","TIMM17B"
"2990","TIMM44"
"2991","TIMM8B"
"2992","TINAG"
"2993","TIPRL"
"2994","TIRAP"
"2995","TJP3"
"2996","TK2"
"2997","TKT"
"2998","TLE3"
"2999","TLE4"
"3000","TLK1"
"3001","TLK2"
"3002","TLL2"
"3003","TLR2"
"3004","TLR5"
"3005","TLR6"
"3006","TM2D1"
"3007","TM4SF18"
"3008","TM4SF19"
"3009","TM9SF1"
"3010","TMBIM1"
"3011","TMC4"
"3012","TMCO6"
"3013","TMED5"
"3014","TMED7"
"3015","TMED8"
"3016","TMED9"
"3017","TMEM106A"
"3018","TMEM106B"
"3019","TMEM115"
"3020","TMEM11"
"3021","TMEM120B"
"3022","TMEM123"
"3023","TMEM125"
"3024","TMEM126B"
"3025","TMEM130"
"3026","TMEM131"
"3027","TMEM132D"
"3028","TMEM135"
"3029","TMEM140"
"3030","TMEM14B"
"3031","TMEM150B"
"3032","TMEM158"
"3033","TMEM164"
"3034","TMEM168"
"3035","TMEM171"
"3036","TMEM177"
"3037","TMEM179B"
"3038","TMEM183A"
"3039","TMEM184B"
"3040","TMEM184C"
"3041","TMEM185A"
"3042","TMEM185B"
"3043","TMEM187"
"3044","TMEM19"
"3045","TMEM201"
"3046","TMEM208"
"3047","TMEM209"
"3048","TMEM213"
"3049","TMEM214"
"3050","TMEM220"
"3051","TMEM223"
"3052","TMEM231"
"3053","TMEM232"
"3054","TMEM37"
"3055","TMEM43"
"3056","TMEM45A"
"3057","TMEM59"
"3058","TMEM62"
"3059","TMEM63C"
"3060","TMEM68"
"3061","TMEM70"
"3062","TMEM71"
"3063","TMEM86A"
"3064","TMEM87A"
"3065","TMEM8B"
"3066","TMEM9B"
"3067","TMIE"
"3068","TMLHE"
"3069","TMOD3"
"3070","TMPO"
"3071","TMPRSS11D"
"3072","TMPRSS13"
"3073","TMPRSS3"
"3074","TMSB10"
"3075","TMTC1"
"3076","TMTC4"
"3077","TMUB1"
"3078","TNFAIP2"
"3079","TNFAIP8"
"3080","TNFRSF10A"
"3081","TNFRSF10D"
"3082","TNFRSF17"
"3083","TNFRSF19"
"3084","TNFRSF1B"
"3085","TNFRSF8"
"3086","TNFSF11"
"3087","TNFSF4"
"3088","TNFSF8"
"3089","TNNI1"
"3090","TNNI2"
"3091","TNPO2"
"3092","TOLLIP"
"3093","TOMM40L"
"3094","TOMM5"
"3095","TOP1MT"
"3096","TOP3A"
"3097","TOPBP1"
"3098","TOR1AIP2"
"3099","TOR1B"
"3100","TOX3"
"3101","TP53BP1"
"3102","TP53I13"
"3103","TP53INP1"
"3104","TP53INP2"
"3105","TP73"
"3106","TPK1"
"3107","TPM3"
"3108","TPP2"
"3109","TPPP"
"3110","TPRG1L"
"3111","TPRKB"
"3112","TPSAB1"
"3113","TPST2"
"3114","TPX2"
"3115","TRAF3IP2"
"3116","TRAF3IP3"
"3117","TRAF4"
"3118","TRAF7"
"3119","TRAIP"
"3120","TRAPPC2L"
"3121","TRAPPC2"
"3122","TRAPPC4"
"3123","TRAT1"
"3124","TRDMT1"
"3125","TREM1"
"3126","TREM2"
"3127","TRIB3"
"3128","TRIL"
"3129","TRIM25"
"3130","TRIM2"
"3131","TRIM33"
"3132","TRIM35"
"3133","TRIM56"
"3134","TRIM65"
"3135","TRIM68"
"3136","TRIM6"
"3137","TRIM9"
"3138","TRIP11"
"3139","TRIP6"
"3140","TRMT112"
"3141","TRMT2B"
"3142","TRMT61A"
"3143","TRMT61B"
"3144","TRMU"
"3145","TROAP"
"3146","TRPT1"
"3147","TRPV1"
"3148","TRRAP"
"3149","TRUB1"
"3150","TSC22D2"
"3151","TSC22D3"
"3152","TSC2"
"3153","TSG101"
"3154","TSKU"
"3155","TSLP"
"3156","TSNAX"
"3157","TSPAN10"
"3158","TSPAN17"
"3159","TSPAN18"
"3160","TSPAN32"
"3161","TSPAN33"
"3162","TSPAN5"
"3163","TSPO"
"3164","TSPYL1"
"3165","TSR1"
"3166","TTC13"
"3167","TTC17"
"3168","TTC21A"
"3169","TTC22"
"3170","TTC27"
"3171","TTC29"
"3172","TTC38"
"3173","TTC5"
"3174","TTC7B"
"3175","TTC9C"
"3176","TTF1"
"3177","TTK"
"3178","TTLL10"
"3179","TTLL12"
"3180","TTLL5"
"3181","TTLL7"
"3182","TTPAL"
"3183","TUBA4A"
"3184","TUBB1"
"3185","TUBB3"
"3186","TUBB"
"3187","TUBG1"
"3188","TUBGCP2"
"3189","TUBGCP4"
"3190","TUBGCP5"
"3191","TUFT1"
"3192","TULP3"
"3193","TWF1"
"3194","TWIST2"
"3195","TXNDC12"
"3196","TXNDC15"
"3197","TXNL1"
"3198","TXNL4A"
"3199","TYRP1"
"3200","UBA2"
"3201","UBA3"
"3202","UBAC2"
"3203","UBAP2L"
"3204","UBASH3A"
"3205","UBASH3B"
"3206","UBB"
"3207","UBE2A"
"3208","UBE2B"
"3209","UBE2C"
"3210","UBE2D1"
"3211","UBE2E3"
"3212","UBE2I"
"3213","UBE2K"
"3214","UBE2M"
"3215","UBE2N"
"3216","UBE2O"
"3217","UBE2Q2"
"3218","UBE2V1"
"3219","UBE3B"
"3220","UBE4B"
"3221","UBP1"
"3222","UBR5"
"3223","UBR7"
"3224","UBTD1"
"3225","UBXN11"
"3226","UEVLD"
"3227","UFSP1"
"3228","UGCG"
"3229","UGGT1"
"3230","UGT8"
"3231","ULK2"
"3232","UNC13A"
"3233","UNC13B"
"3234","UNC5B"
"3235","UNG"
"3236","UPF2"
"3237","UPF3B"
"3238","UPP1"
"3239","UQCR10"
"3240","UQCRC1"
"3241","UQCRH"
"3242","USF2"
"3243","USP10"
"3244","USP11"
"3245","USP14"
"3246","USP1"
"3247","USP24"
"3248","USP28"
"3249","USP2"
"3250","USP32"
"3251","USP33"
"3252","USP35"
"3253","USP37"
"3254","USP54"
"3255","USP6NL"
"3256","USP8"
"3257","UTP20"
"3258","UXS1"
"3259","VAMP4"
"3260","VAMP5"
"3261","VASP"
"3262","VAV1"
"3263","VDAC3"
"3264","VDR"
"3265","VEZT"
"3266","VGLL1"
"3267","VGLL3"
"3268","VIL1"
"3269","VIM"
"3270","VIPR1"
"3271","VMA21"
"3272","VOPP1"
"3273","VPS13D"
"3274","VPS29"
"3275","VPS37D"
"3276","VPS39"
"3277","VPS45"
"3278","VPS4A"
"3279","VPS72"
"3280","VRK1"
"3281","VSIG10L"
"3282","VSIG2"
"3283","VTI1A"
"3284","VWA3A"
"3285","VWA5A"
"3286","VWDE"
"3287","WASF1"
"3288","WAS"
"3289","WBP2"
"3290","WDFY1"
"3291","WDHD1"
"3292","WDR11"
"3293","WDR19"
"3294","WDR26"
"3295","WDR36"
"3296","WDR37"
"3297","WDR3"
"3298","WDR43"
"3299","WDR49"
"3300","WDR4"
"3301","WDR55"
"3302","WDR62"
"3303","WDR70"
"3304","WDR74"
"3305","WDR75"
"3306","WDR76"
"3307","WDR82"
"3308","WDR83"
"3309","WDR90"
"3310","WDTC1"
"3311","WFDC1"
"3312","WFIKKN1"
"3313","WHAMM"
"3314","WNT10A"
"3315","WNT16"
"3316","WNT2B"
"3317","WNT9A"
"3318","WRAP53"
"3319","WRNIP1"
"3320","WTAP"
"3321","WTIP"
"3322","WWC2"
"3323","WWC3"
"3324","XAGE2"
"3325","XDH"
"3326","XIRP1"
"3327","XPA"
"3328","XPNPEP3"
"3329","XPO6"
"3330","XPOT"
"3331","XPR1"
"3332","XRCC1"
"3333","XRCC2"
"3334","XRCC4"
"3335","XYLT1"
"3336","YBX2"
"3337","YDJC"
"3338","YIPF4"
"3339","YJEFN3"
"3340","YOD1"
"3341","YTHDF3"
"3342","YWHAQ"
"3343","YWHAZ"
"3344","YY1AP1"
"3345","YY1"
"3346","ZAP70"
"3347","ZBED1"
"3348","ZBED5"
"3349","ZBP1"
"3350","ZBTB10"
"3351","ZBTB17"
"3352","ZBTB26"
"3353","ZBTB47"
"3354","ZBTB7A"
"3355","ZBTB7B"
"3356","ZBTB7C"
"3357","ZBTB8OS"
"3358","ZC3H12C"
"3359","ZC3H18"
"3360","ZC3H7B"
"3361","ZCCHC4"
"3362","ZDHHC12"
"3363","ZDHHC1"
"3364","ZFAND6"
"3365","ZFAT"
"3366","ZFC3H1"
"3367","ZFP28"
"3368","ZFP2"
"3369","ZFP3"
"3370","ZFP41"
"3371","ZFPL1"
"3372","ZFR2"
"3373","ZFYVE27"
"3374","ZGPAT"
"3375","ZKSCAN2"
"3376","ZMAT1"
"3377","ZMPSTE24"
"3378","ZMYM2"
"3379","ZMYND10"
"3380","ZMYND11"
"3381","ZMYND15"
"3382","ZNF100"
"3383","ZNF107"
"3384","ZNF132"
"3385","ZNF136"
"3386","ZNF140"
"3387","ZNF174"
"3388","ZNF175"
"3389","ZNF185"
"3390","ZNF195"
"3391","ZNF19"
"3392","ZNF205"
"3393","ZNF207"
"3394","ZNF212"
"3395","ZNF219"
"3396","ZNF224"
"3397","ZNF227"
"3398","ZNF233"
"3399","ZNF239"
"3400","ZNF251"
"3401","ZNF257"
"3402","ZNF25"
"3403","ZNF275"
"3404","ZNF281"
"3405","ZNF300"
"3406","ZNF304"
"3407","ZNF335"
"3408","ZNF33A"
"3409","ZNF350"
"3410","ZNF358"
"3411","ZNF365"
"3412","ZNF367"
"3413","ZNF385A"
"3414","ZNF385B"
"3415","ZNF3"
"3416","ZNF419"
"3417","ZNF431"
"3418","ZNF436"
"3419","ZNF438"
"3420","ZNF442"
"3421","ZNF469"
"3422","ZNF471"
"3423","ZNF474"
"3424","ZNF484"
"3425","ZNF490"
"3426","ZNF496"
"3427","ZNF500"
"3428","ZNF506"
"3429","ZNF518B"
"3430","ZNF521"
"3431","ZNF524"
"3432","ZNF529"
"3433","ZNF540"
"3434","ZNF551"
"3435","ZNF552"
"3436","ZNF561"
"3437","ZNF562"
"3438","ZNF565"
"3439","ZNF567"
"3440","ZNF570"
"3441","ZNF571"
"3442","ZNF580"
"3443","ZNF582"
"3444","ZNF584"
"3445","ZNF585B"
"3446","ZNF586"
"3447","ZNF587"
"3448","ZNF593"
"3449","ZNF596"
"3450","ZNF597"
"3451","ZNF624"
"3452","ZNF627"
"3453","ZNF629"
"3454","ZNF630"
"3455","ZNF638"
"3456","ZNF644"
"3457","ZNF652"
"3458","ZNF658"
"3459","ZNF664"
"3460","ZNF671"
"3461","ZNF675"
"3462","ZNF678"
"3463","ZNF680"
"3464","ZNF684"
"3465","ZNF697"
"3466","ZNF702P"
"3467","ZNF703"
"3468","ZNF70"
"3469","ZNF710"
"3470","ZNF718"
"3471","ZNF720"
"3472","ZNF737"
"3473","ZNF74"
"3474","ZNF763"
"3475","ZNF766"
"3476","ZNF76"
"3477","ZNF780A"
"3478","ZNF793"
"3479","ZNF813"
"3480","ZNF827"
"3481","ZNF831"
"3482","ZNF839"
"3483","ZNF83"
"3484","ZNF845"
"3485","ZNF846"
"3486","ZNF880"
"3487","ZNF883"
"3488","ZNF8"
"3489","ZNF92"
"3490","ZNF93"
"3491","ZNFX1"
"3492","ZNHIT3"
"3493","ZNHIT6"
"3494","ZP3"
"3495","ZSCAN20"
"3496","ZSCAN21"
"3497","ZSWIM1"
"3498","ZSWIM3"
"3499","ZSWIM7"
"3500","ZW10"
"3501","ZWILCH"
"3502","ZYX"
